{"validation_0": {"logloss": [1.085471319359955, 1.0091863182976406, 0.9348178339808849, 0.8652032862677195, 0.8007188806601041, 0.74140077984225, 0.684451590617978, 0.6336599763186437, 0.5868995752549484, 0.5443754356073108, 0.5059355743161861, 0.4732089539609047, 0.4438606032402014, 0.418384436211077, 0.39565716751392516, 0.3757349402972939, 0.3580815435296219, 0.3422699201173052, 0.3276858171937689, 0.3147260161384955, 0.30301367586472966, 0.291521525824178, 0.2821633048408101, 0.27310319567044816, 0.26485745178278597, 0.25722938625804126, 0.25088592088834755, 0.2445761668402983, 0.2392978893320966, 0.23439532125674467, 0.22857667640947024, 0.22465430228011485, 0.2201294647640392, 0.21585412122691866, 0.2128619531392751, 0.2095005442871368, 0.2052552875562797, 0.20253580372784313, 0.19970359519079012, 0.1977603811984516, 0.19531503467176256, 0.19318771845354415, 0.19072056202084756, 0.18900797790045826], "auprc": [-0.546123, -0.546123, -0.546123, -0.546123, -0.546123, -0.546123, -0.615391, -0.633665, -0.646622, -0.657855, -0.665028, -0.678586, -0.686526, -0.692642, -0.696703, -0.70059, -0.702819, -0.707991, -0.709997, -0.716438, -0.71554, -0.717575, -0.721727, -0.725383, -0.729377, -0.730298, -0.731706, -0.7301, -0.73635, -0.738394, -0.737507, -0.738794, -0.744421, -0.745402, -0.743663, -0.745853, -0.746577, -0.743894, -0.750689, -0.750214, -0.748927, -0.751641, -0.75212, -0.750355]}, "validation_1": {"logloss": [1.0835963844291625, 1.0065499517706133, 0.9308380313457981, 0.8603683851418956, 0.7955426932342591, 0.7361420582379065, 0.6788417239823649, 0.6279808645767551, 0.5817040086513565, 0.5391899156714639, 0.5018458816553316, 0.46940221043844377, 0.44051439798166675, 0.4163477325151044, 0.3932986284936628, 0.37425703377492964, 0.3572732161370016, 0.34098567248832795, 0.3275184545065126, 0.3149234126171758, 0.30343469789912625, 0.29265415788658206, 0.28365694358944893, 0.2749623776563714, 0.268339621203561, 0.26129843200887404, 0.25498103192977367, 0.24868348255272835, 0.24426775026705957, 0.23962633338186048, 0.23456162216682588, 0.23100470067752946, 0.22702424725097034, 0.22313003931194544, 0.22096590803515526, 0.21832811672601007, 0.21485096734738157, 0.21310502790635633, 0.21037745324354018, 0.20889870245610515, 0.20714352922814508, 0.20536451970617617, 0.2032181707481223, 0.20198553963414123], "auprc": [-0.546774, -0.546774, -0.546774, -0.546774, -0.546774, -0.546774, -0.601748, -0.614999, -0.591924, -0.593286, -0.596214, -0.609877, -0.610679, -0.61509, -0.637777, -0.624359, -0.624359, -0.638739, -0.63107, -0.63107, -0.636895, -0.62601, -0.633316, -0.637121, -0.629614, -0.641034, -0.664259, -0.664259, -0.660015, -0.662374, -0.671844, -0.662374, -0.692677, -0.698327, -0.698327, -0.698327, -0.698327, -0.698327, -0.698327, -0.698327, -0.698327, -0.698327, -0.698327, -0.692677]}}