{"validation_0": {"logloss": [0.47785519605796983, 0.35546063073092, 0.27597093758026037, 0.22225956447114878, 0.18359225486880704, 0.1547106379573679, 0.13273694083499765, 0.11585141520380733, 0.10335545323166362, 0.09240374984435384, 0.08355387747662905, 0.07570698195196171, 0.06879893356403345, 0.06212093077125431, 0.0565517497772289, 0.05064280230002356, 0.04772624705950022, 0.0443622943736549, 0.04094292877958516, 0.03727147590560315, 0.03378348715018579, 0.0321371974164788, 0.03063452069802127, 0.02842276220081289, 0.0266064994186803, 0.0245446675111859, 0.0235066368186791, 0.0219203810533579, 0.02037351060369589, 0.01904254957305175], "auprc": [-0.75943, -0.813988, -0.823052, -0.826004, -0.842673, -0.852109, -0.868819, -0.885257, -0.887787, -0.903985, -0.907834, -0.919513, -0.928297, -0.945801, -0.957979, -0.969279, -0.974073, -0.974073, -0.978198, -0.985135, -0.991081, -0.991081, -0.992072, -0.994054, -0.998018, -0.997027, -0.997027, -0.998018, -0.998018, -0.999009]}, "validation_1": {"logloss": [0.49339897973883534, 0.38391501023884744, 0.31453342704522996, 0.2690231504219194, 0.23788312958373178, 0.21552829491274972, 0.19887849498660334, 0.1860717554126055, 0.17896135446405217, 0.172016943627668, 0.16538929852747147, 0.15844154743507743, 0.1549605088323475, 0.1551791286110998, 0.15670548021988642, 0.15401915215301298, 0.15462133073766204, 0.15527180119365033, 0.1535194741685935, 0.1558957273994888, 0.157979215197866, 0.15840334000700573, 0.15765045192083268, 0.1582656624742442, 0.16008253030501488, 0.16157459659978837, 0.16316371837611152, 0.16590973467140313, 0.16562301934623505, 0.1657548375829074], "auprc": [-0.453011, -0.461694, -0.459659, -0.461694, -0.450538, -0.502016, -0.495187, -0.476277, -0.485417, -0.525032, -0.522038, -0.505655, -0.533944, -0.518179, -0.543414, -0.543414, -0.533944, -0.527755, -0.549348, -0.553495, -0.533944, -0.543414, -0.543414, -0.509183, -0.492944, -0.518179, -0.518179, -0.525032, -0.540524, -0.516628]}}