{"validation_0": {"logloss": [3.2214932174015742, 2.501679720854891, 1.8691522849965672, 1.515543411888955, 1.2928221320105042, 1.1339050296397668, 1.0100453256300208, 0.9118220890314137, 0.8297293254811118, 0.7600901999352322, 0.7020090056630179, 0.6528268368132525, 0.6090347666394674, 0.5720925584705575, 0.5384058773330032, 0.5093259098261504, 0.48386633268145757, 0.46090254199438824, 0.4401289912974246, 0.42176441826218924, 0.40362211227987227, 0.38921713155336973, 0.375661800530892, 0.362515448455484, 0.35198530047486676, 0.3416090521222395, 0.33224801909317303, 0.3230015731425084, 0.31405723260758744, 0.30723087278242556, 0.3013363706823982, 0.295240416010506, 0.2902156869405346, 0.2845106413784884], "auprc": [-0.546123, -0.546123, -0.546123, -0.546123, -0.546123, -0.546123, -0.546123, -0.546123, -0.57978, -0.598519, -0.608807, -0.612761, -0.624063, -0.630657, -0.639061, -0.647883, -0.654537, -0.660119, -0.667518, -0.671981, -0.673814, -0.677103, -0.67883, -0.680633, -0.684809, -0.685978, -0.689826, -0.693902, -0.696813, -0.698415, -0.70013, -0.701597, -0.702358, -0.703647]}, "validation_1": {"logloss": [3.2736318964150644, 2.547037594543109, 1.9116602256473514, 1.5571368582426541, 1.3352655616979445, 1.1738549923283919, 1.0496440383575616, 0.9498572191523929, 0.866705940117038, 0.7950998302489038, 0.7364395323179422, 0.6869705616826972, 0.6429441765431435, 0.6048947548433657, 0.5711124959251573, 0.5423712008242165, 0.5174091376123889, 0.4942637362307118, 0.47378831988861486, 0.45453747105334075, 0.4362451441646103, 0.42158972297104136, 0.4078916224681081, 0.3949188750477568, 0.38432166223083775, 0.37415322163893333, 0.36446453555817565, 0.3550855688390232, 0.34635551306268864, 0.3393213047796199, 0.3336030819543427, 0.3274459821382357, 0.3227224205350203, 0.31702171331571954], "auprc": [-0.53871, -0.53871, -0.53871, -0.53871, -0.53871, -0.53871, -0.53871, -0.53871, -0.566116, -0.583333, -0.592664, -0.577418, -0.59243, -0.602473, -0.608557, -0.614501, -0.618504, -0.619334, -0.623637, -0.626349, -0.632095, -0.636185, -0.641619, -0.642751, -0.611208, -0.619918, -0.637559, -0.628178, -0.628178, -0.632621, -0.618809, -0.621826, -0.626549, -0.628179]}}