{"validation_0": {"logloss": [1.1714937889593966, 1.005042189698805, 0.8821575361556276, 0.7853441591289229, 0.7062426076404758, 0.6403151890902601, 0.5846358448327008, 0.5360562064316338, 0.4945344674233103, 0.45762144902801705, 0.4255192494224326, 0.3971415888536853, 0.3720281494543151, 0.3490884611763863, 0.3291205608967808, 0.3110277829813693, 0.2947721543253849, 0.2800256612557779, 0.2664884964369935, 0.2543283485618963, 0.24261626835391, 0.23229174854352036, 0.22287950318790634, 0.21456145104114624, 0.20639278118659002, 0.19936833696558037, 0.19265033925272906, 0.18643376756410704, 0.18039430789687003, 0.1752118076750219, 0.17002977917621742, 0.16507432097522215, 0.160844006741275, 0.1566463793441278, 0.15285010532047394, 0.14917815930968806, 0.14608998061847112, 0.14270718938409382, 0.13982852465676637, 0.13679744293153556, 0.1344304488080836, 0.13173329585268417, 0.12947913071577702, 0.12676229822502846, 0.12484848333254442, 0.12288481365300317, 0.12099017001452132, 0.1187214590196403, 0.11716422514796768, 0.11528582644722943, 0.11374503590245351, 0.11213916336127143, 0.11088847890233645, 0.10935070908601205, 0.10778986644909566, 0.1068054785651848, 0.10532608846369437, 0.10408030402952616, 0.10290345943116462, 0.10153714176464342, 0.10031829601648937], "auprc": [-0.544914, -0.544914, -0.544914, -0.546008, -0.606648, -0.631578, -0.645897, -0.661868, -0.674577, -0.684354, -0.695159, -0.707263, -0.71791, -0.726929, -0.73751, -0.745306, -0.751397, -0.754742, -0.760549, -0.765587, -0.770945, -0.776438, -0.779456, -0.782929, -0.789314, -0.793868, -0.795984, -0.801627, -0.806112, -0.806492, -0.811435, -0.818525, -0.818525, -0.822437, -0.824428, -0.828484, -0.830269, -0.835176, -0.831819, -0.834435, -0.836557, -0.838705, -0.839247, -0.843239, -0.844898, -0.846013, -0.846573, -0.848831, -0.852273, -0.851694, -0.853524, -0.854103, -0.854103, -0.858214, -0.858214, -0.857621, -0.858214, -0.862419, -0.861813, -0.867972, -0.867972]}, "validation_1": {"logloss": [1.152167518869523, 0.9841505478466711, 0.8597378945879398, 0.7637829710398951, 0.6842569250733622, 0.6216348350288406, 0.5683855800138365, 0.52191512937988, 0.48257017484115017, 0.448646874605648, 0.4183139509851894, 0.39199368291564524, 0.36917187422513964, 0.3463393137459793, 0.32792771864802606, 0.3122284536039637, 0.2961364662815486, 0.28263961092358636, 0.2700511047556516, 0.25927053188845034, 0.24933902782297904, 0.24100696857898465, 0.23193842661717246, 0.22503848645475602, 0.21791643566421925, 0.2123854308058658, 0.2066582796073729, 0.20185682806637018, 0.19734913077686103, 0.193063016986895, 0.18901042231028117, 0.1862857503035376, 0.18363321728463616, 0.18066014159290542, 0.17798026748782686, 0.17442868071638287, 0.1720308873231613, 0.17048715683481386, 0.16864467075755518, 0.1669887860515906, 0.16530450983123193, 0.16357869069512573, 0.16228805234535568, 0.16098417062462578, 0.1594125827308744, 0.1581915547695732, 0.15718144907676165, 0.15550291931947632, 0.15475196255250803, 0.1542632050932415, 0.15306599894238096, 0.1527401686871364, 0.1524138654747437, 0.15160786523709013, 0.15108068728999746, 0.15029979258730647, 0.1498314336355355, 0.14947147537248148, 0.14890834481545515, 0.14808951696050504, 0.1478526117171221], "auprc": [-0.550806, -0.550806, -0.550806, -0.552066, -0.60361, -0.632682, -0.643362, -0.652425, -0.673129, -0.687058, -0.683423, -0.689406, -0.680029, -0.695253, -0.697965, -0.697965, -0.696376, -0.689611, -0.692403, -0.695254, -0.701139, -0.701139, -0.710458, -0.713704, -0.723895, -0.733297, -0.733297, -0.723895, -0.723895, -0.731093, -0.736839, -0.734822, -0.731093, -0.738643, -0.742557, -0.746569, -0.742557, -0.759232, -0.759232, -0.754903, -0.754903, -0.754903, -0.754903, -0.759232, -0.763675, -0.768236, -0.763754, -0.768606, -0.777734, -0.773594, -0.78268, -0.78268, -0.777734, -0.777734, -0.768606, -0.768606, -0.768606, -0.777734, -0.763754, -0.763754, -0.74525]}}