{"validation_0": {"logloss": [0.4784052321017689, 0.3535029134061281, 0.2731385098123118, 0.22002968682503293, 0.1808405942382049, 0.1522345658410472, 0.13074783110861693, 0.11506662532942293, 0.09991143912467111, 0.08998647404934045, 0.0818924272753681, 0.07471610167104102, 0.06801292686802893, 0.06174343355114442, 0.05653057791928556, 0.05388219682227779, 0.0489359839055931, 0.04440974044132404, 0.04193663065214355, 0.03715760554820074, 0.0352026026296192, 0.03385317930685589, 0.03163238305606469, 0.03007347773309081, 0.02807082762050256, 0.02675603214256964, 0.02586470496283494, 0.02460002973396999, 0.02350641139377329, 0.02256173744654034, 0.02121998093011583, 0.01946944742364641, 0.0183760386194197, 0.0177088137593133, 0.0167387517911588], "auprc": [-0.748503, -0.779841, -0.811197, -0.834603, -0.840641, -0.868837, -0.868553, -0.878786, -0.900053, -0.913431, -0.917347, -0.932092, -0.933119, -0.942604, -0.952628, -0.956734, -0.967167, -0.978422, -0.977398, -0.984694, -0.985715, -0.985715, -0.986735, -0.986735, -0.990817, -0.991837, -0.993878, -0.995919, -0.996939, -0.997959, -0.99898, -0.99898, -0.99898, -0.99898, -0.99898]}, "validation_1": {"logloss": [0.49993761821139243, 0.38773422082585673, 0.32001624181866645, 0.27138415341896394, 0.2388190709414982, 0.21662954652021008, 0.20054489816388776, 0.19027013591220301, 0.1750632446379431, 0.1689384857673318, 0.16319385712906237, 0.15943859505557245, 0.15703536656895473, 0.15427788851647486, 0.15497903945750646, 0.15282511822128247, 0.15382021885410313, 0.15193866257097632, 0.1514037318816859, 0.15143719378768677, 0.1508283594673905, 0.15215617723438152, 0.1519799693779562, 0.15311510978034704, 0.15308243013625483, 0.15370749222009533, 0.15361845058721355, 0.15406915258701642, 0.15244676900340803, 0.15361860046792689, 0.15435288328292024, 0.15543402356922725, 0.15583672082251607, 0.15660574095833704, 0.1560555897278978], "auprc": [-0.469768, -0.534242, -0.574173, -0.585564, -0.574334, -0.550538, -0.585765, -0.586978, -0.645725, -0.655543, -0.645725, -0.635721, -0.630127, -0.642438, -0.652409, -0.665193, -0.665193, -0.678802, -0.678802, -0.632284, -0.645725, -0.655543, -0.678802, -0.640377, -0.69328, -0.665193, -0.665193, -0.684049, -0.67469, -0.67469, -0.69328, -0.684049, -0.665193, -0.665193, -0.665193]}}