{"validation_0": {"logloss": [0.479087609088673, 0.35593217571096236, 0.27595302478184275, 0.22139310967045847, 0.18301499521534248, 0.15374910788983856, 0.1313564469612017, 0.11443437092598951, 0.10038388955434044, 0.08979313069652514, 0.08077225334499658, 0.07207887396891671, 0.06641791197494767, 0.06090259315222802, 0.05691422515202685, 0.05276177579430115, 0.04956767956762831, 0.04499610600545665, 0.04167023677517701], "auprc": [-0.738809, -0.784498, -0.810798, -0.84089, -0.846533, -0.872697, -0.882171, -0.902963, -0.912777, -0.915782, -0.923791, -0.940035, -0.943026, -0.951216, -0.956396, -0.96036, -0.961351, -0.975067, -0.980035]}, "validation_1": {"logloss": [0.48821733709304566, 0.37541063874959946, 0.30028755287489584, 0.2539872456462153, 0.2237890336302019, 0.20230550100245784, 0.1879118399874818, 0.17828372457935926, 0.16982764057935246, 0.1636315420209881, 0.1573840596052187, 0.15466499217906066, 0.15462624662585797, 0.15509875890453376, 0.1579427189756966, 0.15844743781227377, 0.16089046440582963, 0.16007507792411133, 0.159772611043093], "auprc": [-0.55724, -0.643951, -0.669299, -0.645356, -0.654817, -0.658797, -0.677338, -0.66685, -0.707759, -0.703073, -0.687673, -0.687673, -0.687673, -0.677338, -0.687673, -0.677338, -0.677338, -0.687673, -0.699858]}}